epoch,accuracy,loss,lr,val_accuracy,val_loss
0,0.1776580661535263,nan,0.001,0.16917195916175842,nan
1,0.1697801649570465,nan,0.001,0.1667390763759613,nan
2,0.16450893878936768,nan,0.001,0.1667390763759613,nan
3,0.16392967104911804,nan,0.001,0.1703883856534958,nan
4,0.1632056087255478,nan,0.001,0.16691285371780396,nan
