{
  "eval_loss": 1.9420846700668335,
  "eval_model_preparation_time": 0.0057,
  "eval_accuracy": 0.14735099337748345,
  "eval_precision": 0.1180566218847766,
  "eval_recall": 0.13247213779128672,
  "eval_f1": 0.04476050611666148,
  "eval_runtime": 104.7131,
  "eval_samples_per_second": 11.536,
  "eval_steps_per_second": 1.442
}